{
  "providers": [
    {
      "type": "bitmap",
      "file": "happyhud:font/vanilla-air/outline.png",
      "height": 5,
      "chars": [
        "ꀀ"
      ],
      "ascent": -1500
    },
    {
      "type": "bitmap",
      "file": "happyhud:font/vanilla-air/fill/1.png",
      "height": 5,
      "chars": [
        "ꀁ"
      ],
      "ascent": -1500
    },
    {
      "type": "bitmap",
      "file": "happyhud:font/vanilla-air/fill/2.png",
      "height": 5,
      "chars": [
        "ꀂ"
      ],
      "ascent": -2500
    },
    {
      "type": "bitmap",
      "file": "happyhud:font/vanilla-air/fill/3.png",
      "height": 5,
      "chars": [
        "ꀃ"
      ],
      "ascent": -3500
    },
    {
      "type": "bitmap",
      "file": "happyhud:font/vanilla-air/fill/4.png",
      "height": 5,
      "chars": [
        "ꀄ"
      ],
      "ascent": -4500
    },
    {
      "type": "bitmap",
      "file": "happyhud:font/vanilla-air/fill/5.png",
      "height": 5,
      "chars": [
        "ꀅ"
      ],
      "ascent": -5500
    },
    {
      "type": "bitmap",
      "file": "happyhud:font/vanilla-air/fill/6.png",
      "height": 5,
      "chars": [
        "ꀆ"
      ],
      "ascent": -6500
    },
    {
      "type": "bitmap",
      "file": "happyhud:font/vanilla-air/fill/7.png",
      "height": 5,
      "chars": [
        "ꀇ"
      ],
      "ascent": -7500
    },
    {
      "type": "bitmap",
      "file": "happyhud:font/vanilla-air/fill/8.png",
      "height": 5,
      "chars": [
        "ꀈ"
      ],
      "ascent": -8500
    },
    {
      "type": "bitmap",
      "file": "happyhud:font/vanilla-air/fill/9.png",
      "height": 5,
      "chars": [
        "ꀉ"
      ],
      "ascent": -9500
    },
    {
      "type": "bitmap",
      "file": "happyhud:font/vanilla-air/fill/10.png",
      "height": 5,
      "chars": [
        "ꀊ"
      ],
      "ascent": -10500
    },
    {
      "type": "bitmap",
      "file": "happyhud:font/vanilla-air/fill/11.png",
      "height": 5,
      "chars": [
        "ꀋ"
      ],
      "ascent": -11500
    },
    {
      "type": "bitmap",
      "file": "happyhud:font/vanilla-air/fill/12.png",
      "height": 5,
      "chars": [
        "ꀌ"
      ],
      "ascent": -12500
    },
    {
      "type": "bitmap",
      "file": "happyhud:font/vanilla-air/fill/13.png",
      "height": 5,
      "chars": [
        "ꀍ"
      ],
      "ascent": -13500
    },
    {
      "type": "bitmap",
      "file": "happyhud:font/vanilla-air/icon.png",
      "height": 9,
      "chars": [
        "ꀎ"
      ],
      "ascent": -14500
    },
    {
      "type": "bitmap",
      "file": "happyhud:font/vanilla-armor/outline.png",
      "height": 5,
      "chars": [
        "ꀏ"
      ],
      "ascent": -15500
    },
    {
      "type": "bitmap",
      "file": "happyhud:font/vanilla-armor/fill/1.png",
      "height": 5,
      "chars": [
        "ꀐ"
      ],
      "ascent": -15500
    },
    {
      "type": "bitmap",
      "file": "happyhud:font/vanilla-armor/fill/2.png",
      "height": 5,
      "chars": [
        "ꀑ"
      ],
      "ascent": -16500
    },
    {
      "type": "bitmap",
      "file": "happyhud:font/vanilla-armor/fill/3.png",
      "height": 5,
      "chars": [
        "ꀒ"
      ],
      "ascent": -17500
    },
    {
      "type": "bitmap",
      "file": "happyhud:font/vanilla-armor/fill/4.png",
      "height": 5,
      "chars": [
        "ꀓ"
      ],
      "ascent": -18500
    },
    {
      "type": "bitmap",
      "file": "happyhud:font/vanilla-armor/fill/5.png",
      "height": 5,
      "chars": [
        "ꀔ"
      ],
      "ascent": -19500
    },
    {
      "type": "bitmap",
      "file": "happyhud:font/vanilla-armor/fill/6.png",
      "height": 5,
      "chars": [
        "ꀕ"
      ],
      "ascent": -20500
    },
    {
      "type": "bitmap",
      "file": "happyhud:font/vanilla-armor/fill/7.png",
      "height": 5,
      "chars": [
        "ꀖ"
      ],
      "ascent": -21500
    },
    {
      "type": "bitmap",
      "file": "happyhud:font/vanilla-armor/fill/8.png",
      "height": 5,
      "chars": [
        "ꀗ"
      ],
      "ascent": -22500
    },
    {
      "type": "bitmap",
      "file": "happyhud:font/vanilla-armor/fill/9.png",
      "height": 5,
      "chars": [
        "ꀘ"
      ],
      "ascent": -23500
    },
    {
      "type": "bitmap",
      "file": "happyhud:font/vanilla-armor/fill/10.png",
      "height": 5,
      "chars": [
        "ꀙ"
      ],
      "ascent": -24500
    },
    {
      "type": "bitmap",
      "file": "happyhud:font/vanilla-armor/fill/11.png",
      "height": 5,
      "chars": [
        "ꀚ"
      ],
      "ascent": -25500
    },
    {
      "type": "bitmap",
      "file": "happyhud:font/vanilla-armor/fill/12.png",
      "height": 5,
      "chars": [
        "ꀛ"
      ],
      "ascent": -26500
    },
    {
      "type": "bitmap",
      "file": "happyhud:font/vanilla-armor/fill/13.png",
      "height": 5,
      "chars": [
        "ꀜ"
      ],
      "ascent": -27500
    },
    {
      "type": "bitmap",
      "file": "happyhud:font/vanilla-armor/icon.png",
      "height": 9,
      "chars": [
        "ꀝ"
      ],
      "ascent": -28500
    },
    {
      "type": "bitmap",
      "file": "happyhud:font/vanilla-hunger/outline.png",
      "height": 5,
      "chars": [
        "ꀞ"
      ],
      "ascent": -29500
    },
    {
      "type": "bitmap",
      "file": "happyhud:font/vanilla-hunger/fill/1.png",
      "height": 5,
      "chars": [
        "ꀟ"
      ],
      "ascent": -29500
    },
    {
      "type": "bitmap",
      "file": "happyhud:font/vanilla-hunger/fill/2.png",
      "height": 5,
      "chars": [
        "ꀠ"
      ],
      "ascent": -30500
    },
    {
      "type": "bitmap",
      "file": "happyhud:font/vanilla-hunger/fill/3.png",
      "height": 5,
      "chars": [
        "ꀡ"
      ],
      "ascent": -31500
    },
    {
      "type": "bitmap",
      "file": "happyhud:font/vanilla-hunger/fill/4.png",
      "height": 5,
      "chars": [
        "ꀢ"
      ],
      "ascent": -33500
    },
    {
      "type": "bitmap",
      "file": "happyhud:font/vanilla-hunger/fill/5.png",
      "height": 5,
      "chars": [
        "ꀣ"
      ],
      "ascent": -34500
    },
    {
      "type": "bitmap",
      "file": "happyhud:font/vanilla-hunger/fill/6.png",
      "height": 5,
      "chars": [
        "ꀤ"
      ],
      "ascent": -35500
    },
    {
      "type": "bitmap",
      "file": "happyhud:font/vanilla-hunger/fill/7.png",
      "height": 5,
      "chars": [
        "ꀥ"
      ],
      "ascent": -36500
    },
    {
      "type": "bitmap",
      "file": "happyhud:font/vanilla-hunger/fill/8.png",
      "height": 5,
      "chars": [
        "ꀦ"
      ],
      "ascent": -37500
    },
    {
      "type": "bitmap",
      "file": "happyhud:font/vanilla-hunger/fill/9.png",
      "height": 5,
      "chars": [
        "ꀧ"
      ],
      "ascent": -38500
    },
    {
      "type": "bitmap",
      "file": "happyhud:font/vanilla-hunger/fill/10.png",
      "height": 5,
      "chars": [
        "ꀨ"
      ],
      "ascent": -39500
    },
    {
      "type": "bitmap",
      "file": "happyhud:font/vanilla-hunger/fill/11.png",
      "height": 5,
      "chars": [
        "ꀩ"
      ],
      "ascent": -40500
    },
    {
      "type": "bitmap",
      "file": "happyhud:font/vanilla-hunger/fill/12.png",
      "height": 5,
      "chars": [
        "ꀪ"
      ],
      "ascent": -41500
    },
    {
      "type": "bitmap",
      "file": "happyhud:font/vanilla-hunger/fill/13.png",
      "height": 5,
      "chars": [
        "ꀫ"
      ],
      "ascent": -42500
    },
    {
      "type": "bitmap",
      "file": "happyhud:font/vanilla-hunger/icon.png",
      "height": 9,
      "chars": [
        "ꀬ"
      ],
      "ascent": -43500
    },
    {
      "type": "bitmap",
      "file": "happyhud:font/vanilla-health/outline.png",
      "height": 5,
      "chars": [
        "ꀭ"
      ],
      "ascent": -44500
    },
    {
      "type": "bitmap",
      "file": "happyhud:font/vanilla-health/fill/1.png",
      "height": 5,
      "chars": [
        "ꀮ"
      ],
      "ascent": -44500
    },
    {
      "type": "bitmap",
      "file": "happyhud:font/vanilla-health/fill/2.png",
      "height": 5,
      "chars": [
        "ꀯ"
      ],
      "ascent": -45500
    },
    {
      "type": "bitmap",
      "file": "happyhud:font/vanilla-health/fill/3.png",
      "height": 5,
      "chars": [
        "ꀰ"
      ],
      "ascent": -46500
    },
    {
      "type": "bitmap",
      "file": "happyhud:font/vanilla-health/fill/4.png",
      "height": 5,
      "chars": [
        "ꀱ"
      ],
      "ascent": -47500
    },
    {
      "type": "bitmap",
      "file": "happyhud:font/vanilla-health/fill/5.png",
      "height": 5,
      "chars": [
        "ꀲ"
      ],
      "ascent": -48500
    },
    {
      "type": "bitmap",
      "file": "happyhud:font/vanilla-health/fill/6.png",
      "height": 5,
      "chars": [
        "ꀳ"
      ],
      "ascent": -49500
    },
    {
      "type": "bitmap",
      "file": "happyhud:font/vanilla-health/fill/7.png",
      "height": 5,
      "chars": [
        "ꀴ"
      ],
      "ascent": -50500
    },
    {
      "type": "bitmap",
      "file": "happyhud:font/vanilla-health/fill/8.png",
      "height": 5,
      "chars": [
        "ꀵ"
      ],
      "ascent": -51500
    },
    {
      "type": "bitmap",
      "file": "happyhud:font/vanilla-health/fill/9.png",
      "height": 5,
      "chars": [
        "ꀶ"
      ],
      "ascent": -52500
    },
    {
      "type": "bitmap",
      "file": "happyhud:font/vanilla-health/fill/10.png",
      "height": 5,
      "chars": [
        "ꀷ"
      ],
      "ascent": -53500
    },
    {
      "type": "bitmap",
      "file": "happyhud:font/vanilla-health/fill/11.png",
      "height": 5,
      "chars": [
        "ꀸ"
      ],
      "ascent": -54500
    },
    {
      "type": "bitmap",
      "file": "happyhud:font/vanilla-health/fill/12.png",
      "height": 5,
      "chars": [
        "ꀹ"
      ],
      "ascent": -55500
    },
    {
      "type": "bitmap",
      "file": "happyhud:font/vanilla-health/fill/13.png",
      "height": 5,
      "chars": [
        "ꀺ"
      ],
      "ascent": -56500
    },
    {
      "type": "bitmap",
      "file": "happyhud:font/vanilla-health/icon.png",
      "height": 9,
      "chars": [
        "ꀻ"
      ],
      "ascent": -57500
    }
  ]
}