{
	"parent": "item/handheld",
	"textures": {
		"layer0": "item/diamond_hoe"
	},
	"overrides": [
		{ "predicate": {"custom_model_data":1}, "model": "item/slots/helmet"},
		{ "predicate": {"custom_model_data":2}, "model": "item/slots/chestplate"},
		{ "predicate": {"custom_model_data":3}, "model": "item/slots/leggings"},
		{ "predicate": {"custom_model_data":4}, "model": "item/slots/boots"},
		
		{ "predicate": {"custom_model_data":5}, "model": "item/slots/amulet"},
		{ "predicate": {"custom_model_data":6}, "model": "item/slots/bracelet"},
		{ "predicate": {"custom_model_data":7}, "model": "item/slots/ring1"},
		{ "predicate": {"custom_model_data":8}, "model": "item/slots/ring2"},
		
		{ "predicate": {"custom_model_data":9}, "model": "item/slots/gloves"},
		{ "predicate": {"custom_model_data":10}, "model": "item/slots/artifact1"},
		{ "predicate": {"custom_model_data":11}, "model": "item/slots/artifact2"},
		{ "predicate": {"custom_model_data":12}, "model": "item/slots/artifact3"},
		
		{ "predicate": {"custom_model_data":13}, "model": "item/slots/mainhand"},
		{ "predicate": {"custom_model_data":14}, "model": "item/slots/offhand"},
		
		{ "predicate": {"custom_model_data":15}, "model": "item/slots/fill"},

		{ "predicate": {"custom_model_data":16}, "model": "icon/star"}
	]
}