{
  "providers": [
    {
      "type": "bitmap",
      "file": "happyhud:font/sword/outline.png",
      "height": 23,
      "chars": [
        "ꀀ"
      ],
      "ascent": -58500
    },
    {
      "type": "bitmap",
      "file": "happyhud:font/sword/mana-bar/1.png",
      "height": 5,
      "chars": [
        "ꀁ"
      ],
      "ascent": -59500
    },
    {
      "type": "bitmap",
      "file": "happyhud:font/sword/mana-bar/2.png",
      "height": 5,
      "chars": [
        "ꀂ"
      ],
      "ascent": -60500
    },
    {
      "type": "bitmap",
      "file": "happyhud:font/sword/mana-bar/3.png",
      "height": 5,
      "chars": [
        "ꀃ"
      ],
      "ascent": -61500
    },
    {
      "type": "bitmap",
      "file": "happyhud:font/sword/mana-bar/4.png",
      "height": 5,
      "chars": [
        "ꀄ"
      ],
      "ascent": -62500
    },
    {
      "type": "bitmap",
      "file": "happyhud:font/sword/mana-bar/5.png",
      "height": 5,
      "chars": [
        "ꀅ"
      ],
      "ascent": -63500
    },
    {
      "type": "bitmap",
      "file": "happyhud:font/sword/mana-bar/6.png",
      "height": 5,
      "chars": [
        "ꀆ"
      ],
      "ascent": -64500
    },
    {
      "type": "bitmap",
      "file": "happyhud:font/sword/mana-bar/7.png",
      "height": 5,
      "chars": [
        "ꀇ"
      ],
      "ascent": -65500
    },
    {
      "type": "bitmap",
      "file": "happyhud:font/sword/mana-bar/8.png",
      "height": 5,
      "chars": [
        "ꀈ"
      ],
      "ascent": -66500
    },
    {
      "type": "bitmap",
      "file": "happyhud:font/sword/mana-bar/9.png",
      "height": 5,
      "chars": [
        "ꀉ"
      ],
      "ascent": -67500
    },
    {
      "type": "bitmap",
      "file": "happyhud:font/sword/mana-bar/10.png",
      "height": 5,
      "chars": [
        "ꀊ"
      ],
      "ascent": -68500
    },
    {
      "type": "bitmap",
      "file": "happyhud:font/sword/mana-bar/11.png",
      "height": 5,
      "chars": [
        "ꀋ"
      ],
      "ascent": -69500
    },
    {
      "type": "bitmap",
      "file": "happyhud:font/sword/mana-bar/12.png",
      "height": 5,
      "chars": [
        "ꀌ"
      ],
      "ascent": -70500
    },
    {
      "type": "bitmap",
      "file": "happyhud:font/sword/mana-bar/13.png",
      "height": 5,
      "chars": [
        "ꀍ"
      ],
      "ascent": -71500
    },
    {
      "type": "bitmap",
      "file": "happyhud:font/sword/mana-bar/14.png",
      "height": 5,
      "chars": [
        "ꀎ"
      ],
      "ascent": -72500
    },
    {
      "type": "bitmap",
      "file": "happyhud:font/sword/mana-bar/15.png",
      "height": 5,
      "chars": [
        "ꀏ"
      ],
      "ascent": -73500
    },
    {
      "type": "bitmap",
      "file": "happyhud:font/sword/health-bar/1.png",
      "height": 5,
      "chars": [
        "ꀐ"
      ],
      "ascent": -74500
    },
    {
      "type": "bitmap",
      "file": "happyhud:font/sword/health-bar/2.png",
      "height": 5,
      "chars": [
        "ꀑ"
      ],
      "ascent": -75500
    },
    {
      "type": "bitmap",
      "file": "happyhud:font/sword/health-bar/3.png",
      "height": 5,
      "chars": [
        "ꀒ"
      ],
      "ascent": -76500
    },
    {
      "type": "bitmap",
      "file": "happyhud:font/sword/health-bar/4.png",
      "height": 5,
      "chars": [
        "ꀓ"
      ],
      "ascent": -77500
    },
    {
      "type": "bitmap",
      "file": "happyhud:font/sword/health-bar/5.png",
      "height": 5,
      "chars": [
        "ꀔ"
      ],
      "ascent": -78500
    },
    {
      "type": "bitmap",
      "file": "happyhud:font/sword/health-bar/6.png",
      "height": 5,
      "chars": [
        "ꀕ"
      ],
      "ascent": -79500
    },
    {
      "type": "bitmap",
      "file": "happyhud:font/sword/health-bar/7.png",
      "height": 5,
      "chars": [
        "ꀖ"
      ],
      "ascent": -80500
    },
    {
      "type": "bitmap",
      "file": "happyhud:font/sword/health-bar/8.png",
      "height": 5,
      "chars": [
        "ꀗ"
      ],
      "ascent": -81500
    },
    {
      "type": "bitmap",
      "file": "happyhud:font/sword/health-bar/9.png",
      "height": 5,
      "chars": [
        "ꀘ"
      ],
      "ascent": -82500
    },
    {
      "type": "bitmap",
      "file": "happyhud:font/sword/health-bar/10.png",
      "height": 5,
      "chars": [
        "ꀙ"
      ],
      "ascent": -83500
    },
    {
      "type": "bitmap",
      "file": "happyhud:font/sword/health-bar/11.png",
      "height": 5,
      "chars": [
        "ꀚ"
      ],
      "ascent": -84500
    },
    {
      "type": "bitmap",
      "file": "happyhud:font/sword/health-bar/12.png",
      "height": 5,
      "chars": [
        "ꀛ"
      ],
      "ascent": -85500
    },
    {
      "type": "bitmap",
      "file": "happyhud:font/sword/health-bar/13.png",
      "height": 5,
      "chars": [
        "ꀜ"
      ],
      "ascent": -86500
    },
    {
      "type": "bitmap",
      "file": "happyhud:font/sword/health-bar/14.png",
      "height": 5,
      "chars": [
        "ꀝ"
      ],
      "ascent": -87500
    },
    {
      "type": "bitmap",
      "file": "happyhud:font/sword/health-bar/15.png",
      "height": 5,
      "chars": [
        "ꀞ"
      ],
      "ascent": -88500
    }
  ]
}