{
  "credit": "Made with Blockbench",
  "texture_size": [32, 32],
  "textures": {
    "1": "advancementtrophies:block/gold_trophy",
    "particle": "advancementtrophies:block/particle_iron_trophy"
  },
  "elements": [
    {
      "from": [0, 1, 0],
      "to": [8, 2, 2],
      "faces": {
        "north": {"uv": [0, 1.5, 4, 2], "texture": "#1"},
        "east": {"uv": [0, 0, 1, 0.5], "texture": "#1"},
        "south": {"uv": [0, 0, 4, 0.5], "texture": "#1"},
        "west": {"uv": [0, 0, 1, 0.5], "texture": "#1"},
        "up": {"uv": [4.5, 0, 8.5, 1], "texture": "#1"},
        "down": {"uv": [0, 1.5, 4, 2.5], "texture": "#1"}
      }
    },
    {
      "from": [1, 2, 0],
      "to": [9, 9, 2],
      "faces": {
        "north": {"uv": [4, 1, 8, 4.5], "texture": "#1"},
        "east": {"uv": [5, 4.5, 6, 8], "texture": "#1"},
        "south": {"uv": [0, 0, 4, 3.5], "texture": "#1"},
        "west": {"uv": [0, 1.5, 3.5, 2.5], "rotation": 90, "texture": "#1"},
        "up": {"uv": [0, 1, 4, 2], "texture": "#1"},
        "down": {"uv": [0, 1, 4, 2], "texture": "#1"}
      }
    },
    {
      "from": [1, 9, 0],
      "to": [8, 10, 2],
      "faces": {
        "north": {"uv": [0, 0.5, 3.5, 1], "texture": "#1"},
        "east": {"uv": [0, 0, 1, 0.5], "texture": "#1"},
        "south": {"uv": [0, 1.5, 3.5, 2], "texture": "#1"},
        "west": {"uv": [0, 0, 1, 0.5], "texture": "#1"},
        "up": {"uv": [0, 1.5, 3.5, 2.5], "texture": "#1"},
        "down": {"uv": [0, 0, 3.5, 1], "texture": "#1"}
      }
    },
    {
      "from": [-3, 4, 0],
      "to": [1, 5, 2],
      "faces": {
        "north": {"uv": [0, 0, 2, 0.5], "texture": "#1"},
        "east": {"uv": [0, 0, 1, 0.5], "texture": "#1"},
        "south": {"uv": [0, 0, 2, 0.5], "texture": "#1"},
        "west": {"uv": [0, 0, 1, 0.5], "texture": "#1"},
        "up": {"uv": [0, 0, 2, 1], "texture": "#1"},
        "down": {"uv": [0, 1, 2, 2], "texture": "#1"}
      }
    },
    {
      "from": [-4, 5, 0],
      "to": [1, 8, 2],
      "faces": {
        "north": {"uv": [0.5, 2.5, 3, 4], "texture": "#1"},
        "east": {"uv": [0, 0, 1, 1.5], "texture": "#1"},
        "south": {"uv": [0, 1, 2.5, 2.5], "texture": "#1"},
        "west": {"uv": [2, 1.5, 3, 3], "texture": "#1"},
        "up": {"uv": [0, 1.5, 2.5, 2.5], "texture": "#1"},
        "down": {"uv": [0, 1, 2.5, 2], "texture": "#1"}
      }
    },
    {
      "from": [-3, 8, 0],
      "to": [1, 10, 2],
      "faces": {
        "north": {"uv": [0, 5, 2, 4], "texture": "#1"},
        "east": {"uv": [0, 0, 1, 1], "texture": "#1"},
        "south": {"uv": [0, 1, 2, 2], "texture": "#1"},
        "west": {"uv": [0, 1.5, 1, 2.5], "texture": "#1"},
        "up": {"uv": [0, 1, 2, 2], "texture": "#1"},
        "down": {"uv": [0, 0, 2, 1], "texture": "#1"}
      }
    },
    {
      "from": [-2, 10, 0],
      "to": [7, 11, 2],
      "faces": {
        "north": {"uv": [1, 0.5, 5.5, 1], "texture": "#1"},
        "east": {"uv": [0, 0, 1, 0.5], "texture": "#1"},
        "south": {"uv": [0, 1.5, 4.5, 2], "texture": "#1"},
        "west": {"uv": [0, 0, 1, 0.5], "texture": "#1"},
        "up": {"uv": [0, 1, 4.5, 2], "texture": "#1"},
        "down": {"uv": [0, 0, 4.5, 1], "texture": "#1"}
      }
    },
    {
      "from": [0, 11, 0],
      "to": [6, 12, 2],
      "faces": {
        "north": {"uv": [2.5, 0, 5.5, 0.5], "texture": "#1"},
        "east": {"uv": [0, 0, 1, 0.5], "texture": "#1"},
        "south": {"uv": [0, 1.5, 3, 2], "texture": "#1"},
        "west": {"uv": [0, 0, 1, 0.5], "texture": "#1"},
        "up": {"uv": [0, 1.5, 3, 2.5], "texture": "#1"},
        "down": {"uv": [0, 0, 3, 1], "texture": "#1"}
      }
    },
    {
      "from": [1, 0, 0],
      "to": [7, 1, 2],
      "faces": {
        "north": {"uv": [0.5, 5.5, 3.5, 6], "texture": "#1"},
        "east": {"uv": [0, 0, 1, 0.5], "texture": "#1"},
        "south": {"uv": [0, 0, 3, 0.5], "texture": "#1"},
        "west": {"uv": [0, 0, 1, 0.5], "texture": "#1"},
        "up": {"uv": [0, 0, 3, 1], "texture": "#1"},
        "down": {"uv": [0, 1, 3, 2], "texture": "#1"}
      }
    }
  ],
  "display": {
    "thirdperson_righthand": {
      "rotation": [75, 45, 0],
      "translation": [0, 2.5, 0],
      "scale": [0.375, 0.375, 0.375]
    },
    "thirdperson_lefthand": {
      "rotation": [75, 45, 0],
      "translation": [0, 2.5, 0],
      "scale": [0.375, 0.375, 0.375]
    },
    "firstperson_righthand": {
      "rotation": [0, 45, 0],
      "scale": [0.4, 0.4, 0.4]
    },
    "firstperson_lefthand": {
      "rotation": [0, 225, 0],
      "scale": [0.4, 0.4, 0.4]
    },
    "ground": {
      "translation": [0, 3, 0],
      "scale": [0.25, 0.25, 0.25]
    },
    "gui": {
      "rotation": [30, 225, 0],
      "scale": [0.625, 0.625, 0.625]
    },
    "head": {
      "translation": [0, 14, 0.25]
    },
    "fixed": {
      "scale": [0.5, 0.5, 0.5]
    }
  }
}
